{
  "0.5": {
    "vqe": 5.291772109200012,
    "numpy": -23.766317163234103
  },
  "0.71": {
    "vqe": 3.704240476440006,
    "numpy": -24.494748189656125
  },
  "0.93": {
    "vqe": 2.8494157511077343,
    "numpy": -24.73686912654125
  },
  "1.14": {
    "vqe": 2.3151502977749465,
    "numpy": -24.804600274237963
  },
  "1.36": {
    "vqe": 1.949600250757864,
    "numpy": -24.805556302812754
  },
  "1.57": {
    "vqe": 1.683745671109107,
    "numpy": -24.780939015374162
  },
  "1.79": {
    "vqe": 1.4816961905760104,
    "numpy": -24.74908336350416
  },
  "2.0": {
    "vqe": 1.3229430272999645,
    "numpy": -24.719047034279285
  }
}