{
  "0.5": {
    "vqe": 5.2917721092000365,
    "numpy": -23.76631716323411
  },
  "0.71": {
    "vqe": 3.704240476440007,
    "numpy": -24.494748189656132
  },
  "0.93": {
    "vqe": 2.849415751107704,
    "numpy": -24.736869126541258
  },
  "1.14": {
    "vqe": 2.315150297774953,
    "numpy": -24.804600274237963
  },
  "1.36": {
    "vqe": 1.9496002507578607,
    "numpy": -24.80555630281276
  },
  "1.57": {
    "vqe": 1.6837456711090284,
    "numpy": -24.78093901537417
  },
  "1.79": {
    "vqe": 1.4816961905760087,
    "numpy": -24.749083363504166
  },
  "2.0": {
    "vqe": 1.32294302729997,
    "numpy": -24.719047034279285
  }
}