{
  "0.5": {
    "vqe": 5.291772109200008,
    "numpy": -23.766317163234103
  },
  "0.71": {
    "vqe": 3.7042404764400025,
    "numpy": -24.49474818965614
  },
  "0.93": {
    "vqe": 2.8494157511077267,
    "numpy": -24.736869126541265
  },
  "1.14": {
    "vqe": 2.3151502977749465,
    "numpy": -24.804600274237963
  },
  "1.36": {
    "vqe": 1.9496002507578647,
    "numpy": -24.805556302812754
  },
  "1.57": {
    "vqe": 1.6837456711090932,
    "numpy": -24.780939015374155
  },
  "1.79": {
    "vqe": 1.4816961905760009,
    "numpy": -24.749083363504152
  },
  "2.0": {
    "vqe": 1.3229430272999658,
    "numpy": -24.719047034279292
  }
}