{
  "0.5": {
    "vqe": 1.0583544218400003,
    "numpy": -1.0551597944706257
  },
  "0.71": {
    "vqe": 0.7408480952879992,
    "numpy": -1.136928959387392
  },
  "0.93": {
    "vqe": 0.5698831502215378,
    "numpy": -1.115433321606395
  },
  "1.14": {
    "vqe": 0.4630300595549993,
    "numpy": -1.0695381759189397
  },
  "1.36": {
    "vqe": 0.3899200501515794,
    "numpy": -1.0236498972795278
  },
  "1.57": {
    "vqe": 0.3367491342218181,
    "numpy": -0.987393055621719
  },
  "1.79": {
    "vqe": 0.2963392381151989,
    "numpy": -0.9630513851834442
  },
  "2.0": {
    "vqe": 0.2645886054599991,
    "numpy": -0.9486411121761855
  }
}