{
  "0.7": {
    "vqe": 1.5119348883428563,
    "ref": -2.830482959063893
  },
  "0.98": {
    "vqe": 1.0854917147076937,
    "ref": -2.8613601192493583
  },
  "1.25": {
    "vqe": 0.8466835374719999,
    "ref": -2.841379054075543
  },
  "1.52": {
    "vqe": 0.694002899567215,
    "ref": -2.823424150884677
  },
  "1.8": {
    "vqe": 0.5879746787999993,
    "ref": -2.813996034555326
  }
}