{
  "0.7": {
    "vqe": 6.803706997542721,
    "ref": -98.43764707510182
  },
  "1.02": {
    "vqe": 4.646434047102304,
    "ref": -98.60249696964743
  },
  "1.35": {
    "vqe": 3.5278480727998125,
    "ref": -98.54797790630401
  },
  "1.68": {
    "vqe": 2.8433402377788215,
    "ref": -98.49292067977501
  },
  "2.0": {
    "vqe": 2.381297449139846,
    "ref": -98.4659112600224
  }
}