{
  "0.7": {
    "vqe": 6.803706997542684,
    "ref": -98.43764707510182
  },
  "1.02": {
    "vqe": 4.646434047102292,
    "ref": -98.60249696964742
  },
  "1.35": {
    "vqe": 3.527848072799804,
    "ref": -98.54797790630398
  },
  "1.68": {
    "vqe": 2.8433402377789445,
    "ref": -98.49292067977503
  },
  "2.0": {
    "vqe": 2.38129744913969,
    "ref": -98.46591126002244
  }
}