{
  "0.7": {
    "vqe": 6.803706997542719,
    "ref": -98.43764707510184
  },
  "1.02": {
    "vqe": 4.646434047102334,
    "ref": -98.60249696964743
  },
  "1.35": {
    "vqe": 3.527848072799808,
    "ref": -98.54797790630401
  },
  "1.68": {
    "vqe": 2.843340237778928,
    "ref": -98.49292067977504
  },
  "2.0": {
    "vqe": 2.3812974491396535,
    "ref": -98.46591126002242
  }
}