{
  "0.5": {
    "vqe": 3.1750632655199884,
    "numpy": -7.050225035299961
  },
  "0.71": {
    "vqe": 2.222544285863962,
    "numpy": -7.526498486050883
  },
  "0.93": {
    "vqe": 1.7096494506646072,
    "numpy": -7.743326679060514
  },
  "1.14": {
    "vqe": 1.3890901786649759,
    "numpy": -7.838532792855158
  },
  "1.36": {
    "vqe": 1.1697601504547184,
    "numpy": -7.875225404269839
  },
  "1.57": {
    "vqe": 1.0102474026654438,
    "numpy": -7.8826685618591785
  },
  "1.79": {
    "vqe": 0.8890177143455883,
    "numpy": -7.875322812754904
  },
  "2.0": {
    "vqe": 0.793765816379986,
    "numpy": -7.861087772481499
  }
}