{
  "0.5": {
    "vqe": 3.1750632655199915,
    "numpy": -7.050225035299958
  },
  "0.71": {
    "vqe": 2.2225442858639686,
    "numpy": -7.526498486050883
  },
  "0.93": {
    "vqe": 1.709649450664606,
    "numpy": -7.743326679060518
  },
  "1.14": {
    "vqe": 1.3890901786649799,
    "numpy": -7.838532792855165
  },
  "1.36": {
    "vqe": 1.169760150454717,
    "numpy": -7.87522540426985
  },
  "1.57": {
    "vqe": 1.0102474026654438,
    "numpy": -7.882668561859182
  },
  "1.79": {
    "vqe": 0.8890177143455911,
    "numpy": -7.8753228127549
  },
  "2.0": {
    "vqe": 0.7937658163799838,
    "numpy": -7.861087772481488
  }
}