{
  "0.7": {
    "vqe": 5.291772109199969,
    "ref": -54.0077990067182
  },
  "1.02": {
    "vqe": 3.6138931477464,
    "ref": -54.283015693647265
  },
  "1.35": {
    "vqe": 2.7438818343999865,
    "ref": -54.268381002956374
  },
  "1.68": {
    "vqe": 2.21148685160588,
    "ref": -54.22230791875364
  },
  "2.0": {
    "vqe": 1.852120238220173,
    "ref": -54.197233311397916
  }
}