{
  "0.7": {
    "vqe": 5.291772109199984,
    "ref": -54.00779900671823
  },
  "1.02": {
    "vqe": 3.613893147746402,
    "ref": -54.283015693647286
  },
  "1.35": {
    "vqe": 2.743881834399988,
    "ref": -54.26838100295639
  },
  "1.68": {
    "vqe": 2.2114868516058936,
    "ref": -54.222307918753636
  },
  "2.0": {
    "vqe": 1.8521202382201605,
    "ref": -54.19723331139793
  }
}