{
  "0.7": {
    "vqe": 5.2917721092000205,
    "ref": -54.0077990067182
  },
  "1.02": {
    "vqe": 3.6138931477464094,
    "ref": -54.28301569364727
  },
  "1.35": {
    "vqe": 2.743881834399998,
    "ref": -54.2683810029564
  },
  "1.68": {
    "vqe": 2.2114868516058936,
    "ref": -54.22230791875366
  },
  "2.0": {
    "vqe": 1.8521202382201567,
    "ref": -54.197233311397916
  }
}